client_identifier,first_name,email,country,bitcoin_address,credit_card_type
18,Richard,r***h@odnoklassniki.ru,United Kingdom,1ErM8yuF3ytzzxLy1uPvQuRveLBygxN15x,china-unionpay
32,Wallis,w***v@t-online.de,United Kingdom,12sxmYnPcADAXw1YkxdapRsft2PwHZke7A,maestro
33,Saundra,s***w@blinklist.com,United Kingdom,1GZ7QB7GUFSWnkBHmsj4C4EZYMWni6BVn4,mastercard
34,Ewart,e***x@usatoday.com,United Kingdom,12o8zrHx6snCPbtkoD9im4ozBtNkHRjeRV,visa-electron
36,Daniel,d***z@tmall.com,Netherlands,15X53Z9B9jUNrvFpbr7D554uSc5RL7Pnkg,diners-club-international
62,Boyd,b***p@wisc.edu,Netherlands,16qpYVt6YAAx4JYjzbA8SwTUHoTyB4twRF,jcb
67,Lorry,l***u@technorati.com,United Kingdom,12ya1ED93ApPBQRSCuqiehip8KfPEzXYaj,bankcard
70,Freedman,f***x@bloglines.com,United Kingdom,1F8zXTEaf4AFpztMNzQZfo5NUreptaArTD,mastercard
91,Audy,a***i@webeden.co.uk,United Kingdom,19MZSy1H8S4SaXsmSc3n7AaL2GxQkQkEZx,diners-club-carte-blanche
105,Lacie,l***w@telegraph.co.uk,Netherlands,13j6FKzrLgumLUqeYH4baeY5qZgiwGW5UC,jcb
108,Rhianna,r***z@cdc.gov,Netherlands,1RcsodKknm8thkCL6F4Vcmo7f4A7r6ydj,maestro
109,Marnia,m***0@uiuc.edu,Netherlands,1HxV2jkyM3PXbsH4qGsVX3hwcAb4SMi4AD,jcb
110,Rhody,r***1@tmall.com,Netherlands,15cRJ4mzZd4Vgd33xbVjEtYw9c6f1WfGkC,china-unionpay
124,Wyn,w***f@geocities.com,Netherlands,1CB7AdhTFBXmxuABm58yKmCmsvVqDjT9P1,maestro
128,Vito,v***j@ning.com,Netherlands,16DbYq1KR8DVSQu5E9WU9ohuofBm5AHB2Q,diners-club-enroute
165,Hilda,h***k@altervista.org,Netherlands,1KgbP1KXt5xs2sBLudwt7SZM14NZXN2yNd,jcb
177,Alfredo,a***w@geocities.jp,United Kingdom,1AJzqEgbbFh2TNLFZrWp1XgCY16gQQ3pBe,americanexpress
189,Eduard,e***8@ovh.net,Netherlands,1PktCHyic9G4aZu15Dd3N1PUf45wW4MmFs,jcb
194,Irena,i***d@live.com,Netherlands,12KTfvJwTfnJn3dFtZ8KaLycn5noXetTFo,jcb
197,Penrod,p***g@ask.com,United Kingdom,1Q6UV84patYXfzEdAabyanzRe4cpNHdfkC,diners-club-enroute
199,Ermanno,e***i@bigcartel.com,United Kingdom,1GYuD7hkkRkCeVcx9tMXzQ1LwfAUcHUQfN,jcb
239,Hollyanne,h***m@nydailynews.com,Netherlands,19KrAve717pGFqYLiQvw63yV3Ar6XabJhD,mastercard
248,Mattie,m***v@facebook.com,Netherlands,16WS73NGVmHfpuWqPkEjN9pirzG9qkgvPJ,americanexpress
255,Janie,j***2@nba.com,Netherlands,1JtjCw3Nj42ZPgeFkgFJAPcVCyvt4sMLPh,jcb
293,Lia,l***4@meetup.com,Netherlands,1PJgSoTde2rSpfYRYpied1y35KVke7kvXo,jcb
294,Lindie,l***5@sina.com.cn,United Kingdom,1DNGHS7oy3K38AnzdAUt8sDw2Dc4WWCj3e,maestro
296,Hermia,h***7@bravesites.com,Netherlands,1A3rYCZeBfy1V1W3ypcfVdZm6TCU3TFkLv,jcb
299,Ced,c***a@booking.com,Netherlands,1C74dmFYGZiSzsZH6Lw41bWCu8U3mTvcth,diners-club-carte-blanche
326,Carlye,c***1@ted.com,Netherlands,16tRkPChNu4RTqJ7tkZa52os2HZvh2hjif,americanexpress
329,Morna,m***4@wikia.com,United Kingdom,18nNxGMaqhqrt4sZs5h3fQDDLpJL5wopFy,solo
345,Thedric,t***k@unc.edu,United Kingdom,17AGnU1HVmvAt8gwZ4PoF8bGiPS4ARbRxi,jcb
354,Willow,w***t@ebay.com,Netherlands,16Q23WzZFnnADqSq9z2oRDJZE7SJ2bFHrS,diners-club-carte-blanche
360,Blair,b***z@imageshack.us,Netherlands,1DTzwp1kZCBx9FED2678d5g5ArrefirrXW,laser
367,Marlow,m***6@dmoz.org,Netherlands,1FCv1LeZu798EhajuFMZg49zb5D7KTMZWE,mastercard
379,Thurston,t***i@bbb.org,Netherlands,1HZN5ZVgPqK1iVLKVMxH658kZ3pBDBcEw,jcb
390,Latashia,l***t@senate.gov,United Kingdom,1FpFASo8TTHYuefzybjiNyDfuaFmBGoGwn,jcb
406,Jeffy,j***9@accuweather.com,Netherlands,1BbeY2TE3u7ARieG5FKuSZzbLFHyBkFoQF,americanexpress
414,Jessalin,j***h@goo.ne.jp,United Kingdom,14mRf7cFYsFjerWYsVWEvGN2zRM7tsLVpT,jcb
436,Pamella,p***3@yandex.ru,Netherlands,1xVt3FxfHQvzXPhXVp6VRSEydUUVzRWK7,laser
450,Arte,a***h@sogou.com,Netherlands,15wYxjYgszjPnSwa4b3nvkdLfdBMTprQ9y,mastercard
462,Neddie,n***t@japanpost.jp,Netherlands,13FaRnAGPb53jC6cw4dQF5qM8XTGRWrY6s,americanexpress
467,Adelaida,a***y@ameblo.jp,Netherlands,1HHBi9Yt592V74bU5PihuSGekNhGzNGaAw,solo
482,Vevay,v***d@aol.com,United Kingdom,1477584qcLw6e2TntjCVBXJAwnS5tUTQJb,visa-electron
486,Hamish,h***h@blogs.com,Netherlands,1CUeR37xJkVY9jVoAh9UYJc4c85RpnNcmD,diners-club-enroute
508,Cecilio,c***3@netlog.com,United Kingdom,1N4UFev4krTiWmC1Sbygy1NdxrJxMDsm6D,switch
513,Fielding,f***8@vk.com,Netherlands,18zM2XeTncgJJTm14LDhWbMeUE3nvA8NoD,jcb
514,Margalit,m***9@angelfire.com,Netherlands,191c14CjzgK9DZGE9viRPMyGDqhc2oR46F,mastercard
529,Chucho,c***o@posterous.com,Netherlands,14TyQs6ta2MhC2erewxosQTjmrvn2P4Gzo,jcb
548,Lissy,l***7@dagondesign.com,United Kingdom,1482bkXGupDD66ypoGjdVuewXr3BaK51fE,switch
577,Carolee,c***0@jiathis.com,Netherlands,12EgsYruxuyrwHi6bDC9FXqzGAmuUawHKH,jcb
582,Loralyn,l***5@virginia.edu,United Kingdom,18rq3Gymm7G1gaSLarTBvigCCd1UAmWQP7,mastercard
601,Poul,p***o@miibeian.gov.cn,United Kingdom,14GghoTqBDngp1V9PjrdPakZnNZi8VZ8F6,jcb
605,Kearney,k***s@bloglines.com,Netherlands,1EMUu7w62n5GzRTZ4ZGTUKMwLppUyrD2Pw,visa
616,Daveen,d***3@mapquest.com,Netherlands,1H168tEGqoEeeNDaWmNjyEiubqTz3ZdoKG,jcb
621,Malissia,m***8@parallels.com,Netherlands,1MdkbruxnQR61UYstTpKsoqP3fUziVQwei,switch
627,Emmaline,e***e@si.edu,United Kingdom,1HBMpsqrFAcMedVt1kUwzvxjtVcExbiAdV,mastercard
628,Claudia,c***f@kickstarter.com,Netherlands,14EWQTXkWhfiQKkKn5JuD5h3EqzLatXbsQ,jcb
643,Pauly,p***u@google.com.hk,Netherlands,1BqmYwtSwbG8qWUJyqn8TQPB4pWXAx3jMa,jcb
656,Giralda,g***7@baidu.com,Netherlands,1PUPePBi6wUMGZomfTqcXojjwYQk7Ha2cu,mastercard
665,Rosaleen,r***g@mapquest.com,United Kingdom,12SF66BTEEAYca9V2JFcty3WmsSksTTsSN,jcb
691,Bobbie,b***6@senate.gov,Netherlands,1BMrJy7Ac4pAyq8ciBFfGhATAgcHXaPb6P,jcb
701,Noak,n***g@networkadvertising.org,Netherlands,1Jb4hNfMJy5g4hPtT8kQQ4bbhGdwTbnmjp,jcb
706,Silvie,s***l@yahoo.com,United Kingdom,1HHENRw3k9UaA8uVEKnT5dc46jaQcHwiLf,visa
711,Charyl,c***q@blogs.com,Netherlands,1HsSjH6FpNqbFRckMitfzzPMvXiKHDDL3p,jcb
726,Shena,s***5@cargocollective.com,Netherlands,13LecqUHZxxptc47RXRDcvhDgQHwxqTKVV,solo
733,Findlay,f***c@cocolog-nifty.com,United Kingdom,1MJkvsA6ebFvXFasuJxZvfKNBReLTsA3Kr,jcb
749,Myrle,m***s@salon.com,Netherlands,17qnQP62quZFAzU7QXFpHjMugPcFyoMXHm,bankcard
751,Cindee,c***u@scribd.com,Netherlands,16pUgN3CTqFCLB2pmBSUjoxyZEreQu4AvB,jcb
755,Katharina,k***y@apple.com,Netherlands,13MLLGGZBp6y24hg13bFA8org9qwwup2fK,americanexpress
760,Steffi,s***3@twitter.com,Netherlands,1PapZUVtXEaqD14JtSUhhZcPWR61aNK9kS,jcb
766,Aurilia,a***9@narod.ru,United Kingdom,1MMDugKsUTFEyrTGnoUQrcFCHARHkggVAw,diners-club-enroute
774,Persis,p***h@sogou.com,Netherlands,1Myco7rqZBPkR5XdyfqkPot9aPPvJvFZS9,switch
781,Dulcea,d***o@geocities.com,United Kingdom,16kmMSiv2d6K4VEat2VN1ifv3JhotXKMK6,jcb
785,Menard,m***s@sourceforge.net,Netherlands,12N2XC2Mxzu6eLd2CTQkS8NKtdYTXvr2kS,switch
788,Corliss,c***v@cbc.ca,United Kingdom,16DZD1xnSSbwAm1mbLYJSp56d7Z1TEofZD,maestro
798,Judah,j***5@ocn.ne.jp,Netherlands,15tgDNJrxLs78sVijcBeCriRURp24JDqB9,jcb
803,Reinaldos,r***a@slashdot.org,United Kingdom,1Croxyx7soHCoDY5Q1ta5Wq9CuY7tK4aGV,mastercard
812,Parsifal,p***j@vimeo.com,Netherlands,1Mr6usqpuYeS431Vzycq8GpwuMCipdP3mw,jcb
837,Yulma,y***8@fastcompany.com,Netherlands,1E7ZJuTeuSG8Sj4ocNWMymJLERfD1qDYA7,jcb
845,Obie,o***g@redcross.org,Netherlands,18UeESWffKqdqg23yfZfZcYAkPVT6cmuD6,laser
848,Randi,r***j@istockphoto.com,United Kingdom,1CMFYs2K4EyHecdw7Z3oT6a56iVaKG1bM5,visa
862,Pearline,p***x@cocolog-nifty.com,Netherlands,1GcWp25A1odq7XCoG6HyiCJ2UYDREWrgVP,solo
864,Leonore,l***z@kickstarter.com,United Kingdom,13B25YDx2MSG2sUietvwkxzpov4XpDjqwC,jcb
873,Lennie,l***8@columbia.edu,Netherlands,1N75fjtmFdQJmMpacg4oUdt7cWYJXpdKD1,china-unionpay
881,Phaidra,p***g@de.vu,Netherlands,16y7pXoKxg3WrBumhLPq3JoTjhCNtCgEMq,solo
894,Marys,m***t@mac.com,Netherlands,1HTBF19dSGssNoC8VWcv3BWbBpi7jYvEZd,switch
910,Gunther,g***9@themeforest.net,United Kingdom,15Bowgs1P3hPwXvhfLCQEftuDmXG5Rfz71,visa-electron
914,Quintus,q***d@forbes.com,Netherlands,16FJCTiriaZCgyfnWCiJnua1Bka3aBjgrt,jcb
924,Justin,j***n@nbcnews.com,United Kingdom,1GxYQAdNCqqnxJckfxnMapSaXrD7ktkHFv,diners-club-enroute
928,Cletis,c***r@etsy.com,United Kingdom,16J36sqG4rFfabKcwBoxApRuEQUT3T9JPg,china-unionpay
942,Dulcine,d***5@wisc.edu,Netherlands,1JK5tVtebu1Dd2gAXcTaS1UCB5BMGijuqa,jcb
947,Jordon,j***a@scribd.com,United Kingdom,1BJQYwAftZ3UJJpRAERDCcgAkrUZNH6D7g,visa-electron
952,Cale,c***f@a8.net,United Kingdom,18xzobimRTpaiVjfBajSGaG7JpZeGjzfug,mastercard
954,Roanna,r***h@thetimes.co.uk,Netherlands,1MQGXo6xCKnPkRfTyjUyrQ2b4DtxxgoKyG,jcb
964,Akim,a***r@miitbeian.gov.cn,Netherlands,1HWtSdZgMPTEdzHTAhmnAcFHf3MTasz7zE,diners-club-carte-blanche
966,Lesly,l***t@omniture.com,United Kingdom,18Mxz7iRKxcGqUyYprSWBEHPpRc5HPdAKa,bankcard
972,Arnoldo,a***z@alexa.com,United Kingdom,1HkNSAP8Jm58DBiboFDsv916XJCYsfLrdg,jcb
981,Griffin,g***8@army.mil,Netherlands,19158kwDCddVMpQPUKdLz33yfks1cKbKPE,diners-club-carte-blanche
984,Bordy,b***b@discuz.net,Netherlands,1LCEj6JuVMjBt6wstfNCofLwWgsgm99NMZ,visa-electron
996,Colly,c***n@skype.com,United Kingdom,1DVbpgQBtf9ouzcCZoWmzLLXRXR56HMQva,jcb
